id,question_number,lesson_name,lesson_group,topic,year,pdf_name,question_text,option_a,option_b,option_c,option_d,correct_option,difficulty,explanation
e114b37e-8b8e-4046-976d-2352d39cacc8,1,Türkçe,Genel Dersler,Türkçe,,sgs_2026_1_lisans_a_grubu_ingilizce.pdf,"Aşağıdaki cümlelerin hangisinde kalıp söz (deyim, atasözü), anlamına uygun bir bağlamda kullanılmamıştır?",A) ...,B) ...,C) ...,D) ...,C,orta,
00b773b6-d4b8-4e79-8653-e5fe8bdc77d3,1,Türkçe,Genel Dersler,Yazım Yanlışları,,sgs_2016_3_lisans_a_grubu_ingilizce.pdf,Yukarıdaki parçada numaralanmış cümlelerin hangisinde yazım yanlışı yoktur?,A) I,B) II,C) III,D) IV,C,kolay,C şıkkı doğrudur çünkü cümlede yazım yanlışı yoktur.
fae0c9d0-c8c7-4459-a993-3e216ac22c90,2,Matematik,Genel Dersler,Denklem,,sgs_2016_3_lisans_a_grubu_ingilizce.pdf,"𝒂 = 𝟒𝟖𝟐𝟗 ve 𝒃 = 𝟒𝟖𝟐𝟒 olduğuna göre, (𝒂+𝒃)𝟐 − 𝟒𝒂𝒃 ifadesinin değeri aşağıdakilerden hangisidir?",A) 16,B) 25,C) 36,D) 49,C,orta,C şıkkı doğrudur çünkü denklem çözümü 36 sonucunu verir.
dcd3db35-b27f-448e-a80e-7cb5ec4f9a84,3,Tarih - Genel Kültür,Genel Dersler,Osmanlı,,sgs_2016_3_lisans_a_grubu_ingilizce.pdf,"Aşağıdakilerden hangisi II. Dünya Savaşı’na giden süreçte, Türkiye’nin güvenlik arayışlarının bir sonucu olarak elde etmiş olduğu dış politik kazanımlardan biri değildir?",A) Birleşmiş Milletler’de kurucu üye olarak yer almak,B) Hatay’ın Türkiye’ye katılmasını sağlamak,C) Balkan Antantı’na katılmak,D) Sadabat Paktı’nı oluşturmak,C,orta,C şıkkı doğrudur çünkü Balkan Antantı Türkiye’nin güvenlik arayışları ile ilgili değildir.
f87c832d-d198-4e28-a8bf-82dd654725c0,4,İngilizce,Genel Dersler,Grammar,,sgs_2016_3_lisans_a_grubu_ingilizce.pdf,A global mobile network company has just ---- its four-year $60 million sponsorship deal with Manchester United Football Club.,A) ended,B) invested,C) lied,D) called,A,kolay,A şıkkı doğrudur çünkü 'ended' kelimesi cümlede doğru anlamı taşır.
b5797300-3e50-44f3-9322-02be751a1ccf,5,Mali Tablolar Analizi,Muhasebe,Bilanço,,sgs_2016_3_lisans_a_grubu_ingilizce.pdf,"ABC A.Ş.’nin döneme ilişkin bazı bilgileri aşağıda verilmiştir: Sermaye 800.000 TL, Ödenmemiş Sermaye 200.000 TL, Dönem Net Kârı 250.000 TL. Buna göre, şirketin döneme ilişkin 1. Tertip Yedek Akçe ve 1. Temettü tutarı sırasıyla aşağıdakilerden hangisidir?","A) 12.500 TL, 30.000 TL","B) 12.500 TL, 40.000 TL","C) 40.000 TL, 30.000 TL","D) 30.000 TL, 40.000 TL",A,zor,A şıkkı doğrudur çünkü hesaplamalar sonucunda bu değerler elde edilir.
fb8a27f1-edf7-4b29-ab05-60216f26f3cd,1,Türkçe,Genel Dersler,Yazım Yanlışları,,sgs_2017_1_lisans_a_grubu_ingilizce.pdf,Yukarıdaki cümlelerden hangisinde yazım yanlışı vardır?,A) I,B) II,C) III,D) IV,A,kolay,I. cümlede 'şişirecek' kelimesi yanlış yazılmıştır.
6f5f52b5-f970-4b3e-b5dc-e122cbdc1689,2,Türkçe,Genel Dersler,Anlam,,sgs_2017_1_lisans_a_grubu_ingilizce.pdf,Bu cümlede geçen 'küçük dilini yutmak' sözüyle anlatılmak istenen aşağıdakilerden hangisidir?,A) Şaşırmak,B) Üzülmek,C) Sevinmek,D) Kızmak,A,kolay,'Küçük dilini yutmak' ifadesi şaşırmak anlamında kullanılır.
d1478fc3-e3fc-4f53-b7c4-0bf71cabcf31,3,Matematik,Genel Dersler,Denklemler,,sgs_2017_1_lisans_a_grubu_ingilizce.pdf,Aşağıdaki denklemi sağlayan x değerlerinin toplamı kaçtır?,A) -3,B) 0,C) 1,D) 4,B,orta,Denklemi çözdüğümüzde x değerleri toplamı 0 çıkar.
d5b8a4a7-6fe3-4faf-9568-f6cdb09caa94,4,Tarih - Genel Kültür,Genel Dersler,Osmanlı,,sgs_2017_1_lisans_a_grubu_ingilizce.pdf,Osmanlı Devleti’nde 19. yüzyılda gerçekleşen olay ve gelişmelerle ilgili bir adlandırma yapıldığında aşağıdakilerden hangisi yanlıştır?,A) Çırağan Vakası,B) Sened-i İttifak,C) Balta Limanı Antlaşması,D) Takvim-i Vekayi,A,orta,"Çırağan Vakası, Yeniçeri Ocağının kaldırılması ile ilgili değildir."
afbc77b2-c1cc-4a81-ae57-7770324942af,5,İngilizce,Genel Dersler,Grammar,,sgs_2017_1_lisans_a_grubu_ingilizce.pdf,Richard says his car is ---- because he designed it himself.,A) polite,B) brave,C) possible,D) slim,E,kolay,Cümlede 'unique' kelimesi doğru seçenektir.
d0c11921-789c-4f59-9910-e6825bbe0ca8,1,Türkçe,Genel Dersler,Dil Bilgisi,,sgs_2017_3_lisans_a_grubu_ingilizce.pdf,Yukarıdaki cümlede numaralanmış sözcüklerden hangisi yalnızca çekim eki almıştır?,A) I,B) II,C) III,D) IV,B,kolay,II şıkkı doğrudur çünkü yalnızca çekim eki almıştır.
c544b204-6b65-4087-9ce4-67b9829df14b,2,Matematik,Genel Dersler,Denklem,,sgs_2017_3_lisans_a_grubu_ingilizce.pdf,8x - 6 = 11 denkleminin çözümü nedir?,A) 1,B) 2,C) 3,D) 4,C,orta,Denklemi çözdüğümüzde x = 3 bulunur.
272502ee-53d0-42c0-ba74-caef95c85370,3,Tarih - Genel Kültür,Genel Dersler,Cumhuriyet,,sgs_2017_3_lisans_a_grubu_ingilizce.pdf,Yeni Türk Devleti’nin sınırlarını belirleyen antlaşma hangisidir?,A) Lozan Antlaşması,B) Gümrü Antlaşması,C) Moskova Antlaşması,D) Sevr Antlaşması,A,kolay,"Lozan Antlaşması, Türkiye Cumhuriyeti'nin sınırlarını belirlemiştir."
794a738e-8441-47dd-b0f8-82435c76398c,4,İngilizce,Genel Dersler,Grammar,,sgs_2017_3_lisans_a_grubu_ingilizce.pdf,Jane had an excellent math teacher at school ---- encouraged her to do maths at university.,A) when,B) why,C) where,D) who,D,orta,Doğru cevap 'who' çünkü öğretmeni tanımlıyor.
779e3105-f49f-4a51-9c9e-658c1c5cd4c7,5,Mali Tablolar Analizi,Muhasebe,Bilanço,,sgs_2017_3_lisans_a_grubu_ingilizce.pdf,Aşağıdaki kayıt aşağıdaki işlemlerden hangisine aittir?,"A) Bankadaki kredi hesabından, aynı bankadaki ticari mevduat hesabına yapılan virman",B) Bankadaki ticari mevduat hesabına faiz tahakkuku,C) Bankada ticari mevduat hesabı açtırılması,D) Bankaya olan kredi borcunun faiziyle birlikte ödenmesi,B,zor,"Faiz tahakkuku, bankadaki ticari mevduat hesabına kaydedilir."
59d9e839-6016-42eb-a826-dc93f1303927,1,Türkçe,Genel Dersler,Noktalama,,sgs_2018_3_lisans_a_grubu_ingilizce.pdf,Yukarıdaki parçada boş bırakılmış yerlere sırasıyla hangi noktalama işaretleri getirilmelidir?,"A) (-) (-) (“) (,) (,) (”)","B) (;) (,) (;) (:) (,) (…) ","C) (“) (”) (…) (,) (;) (.)","D) (,) (-) (.) (;) (;) (.)",C,orta,C şıkkı doğrudur çünkü noktalama işaretleri doğru bir şekilde yerleştirilmiştir.
10756617-fcc5-48a2-a846-80d521fc9f2a,2,Türkçe,Genel Dersler,Anlatım Bozukluğu,,sgs_2018_3_lisans_a_grubu_ingilizce.pdf,"Yukarıdaki cümlede anlatım bozukluğu, aşağıdakilerden hangisiyle giderilebilir?",A) “Kemal Baysal’ı” yerine “Kemal Baysal’ın” getirilerek,B) “başladığı” yerine “başlayan” sözcüğü getirilerek,C) “lise eğitimi” yerine “lise öğrenimi” sözü getirilerek,D) “çocukken” sözcüğü atılarak,B,orta,B şıkkı doğrudur çünkü anlatım bozukluğunu düzeltmektedir.
833362a7-a665-4ede-9f09-44c7a650c3a1,3,Matematik,Genel Dersler,Fonksiyon,,sgs_2018_3_lisans_a_grubu_ingilizce.pdf,"𝒇(𝒙) = 𝟐𝒙𝟒 −𝒂𝒙𝟐 + 𝒃 fonksiyonunun grafiğinin A(1,0) noktasında x eksenine teğet olması için 𝒂+ 𝒃 kaç olmalıdır?",A) 2,B) 4,C) 6,D) 8,C,zor,C şıkkı doğrudur çünkü teğetlik koşulunu sağlamaktadır.
fc41c6d9-53d3-4a39-bead-f2817266b493,4,Matematik,Genel Dersler,Denklem,,sgs_2018_3_lisans_a_grubu_ingilizce.pdf,𝒇(𝒙+ 𝟑) = 𝟐𝒙−𝟑 olduğuna göre 𝒇(𝟐) + 𝒇(𝟑) değeri kaçtır?,A) -18,B) -16,C) -12,D) -10,B,orta,B şıkkı doğrudur çünkü verilen denklemi çözdüğümüzde bu sonuca ulaşırız.
2912311c-cfdd-42c6-9276-73a0c563840a,5,Tarih - Genel Kültür,Genel Dersler,Osmanlı,,sgs_2018_3_lisans_a_grubu_ingilizce.pdf,"Birinci Dünya Savaşı’nda, 1916 yılında Basra yakınlarında gerçekleşen Kut-ül Amare Muharebesi’nde, Osmanlı Birlikleri aşağıdaki devletlerin hangisinin ordusuna karşı zafer kazanmıştır?",A) Fransa,B) Rusya,C) İngiltere,D) İtalya,C,orta,C şıkkı doğrudur çünkü Osmanlı Birlikleri İngiltere'ye karşı zafer kazanmıştır.
bfaa6d02-22c5-451b-96a4-24082c225dc2,1,Türkçe,Genel Dersler,Anlatım Bozukluğu,,sgs_2019_1_lisans_a_grubu_ingilizce.pdf,Yukarıdaki parçada numaralandırılmış cümlelerden hangisi düşüncenin akışını bozmaktadır?,A) I,B) II,C) III,D) IV,B,kolay,B şıkkı doğrudur çünkü II. cümle düşüncenin akışını bozmaktadır.
90fa1a3c-8649-46de-a826-18a814108f2f,2,Matematik,Genel Dersler,Denklem,,sgs_2019_1_lisans_a_grubu_ingilizce.pdf,"7. 2x + 2 + 1. 2x = 72 Buna göre, x değeri kaçtır?",A) 1,B) 2,C) 3,D) 4,D,orta,D şıkkı doğrudur çünkü x = 4 olarak bulunmuştur.
53b2aefc-dce5-48ab-9119-48812c2c0ad5,3,Tarih - Genel Kültür,Genel Dersler,Osmanlı,,sgs_2019_1_lisans_a_grubu_ingilizce.pdf,"23 Aralık 1876’da ilan edilen Osmanlı tarihindeki ilk Anayasa olan Kanun-u Esasi’ye göre, halkın seçtiği kişilerden oluşan meclis aşağıdakilerden hangisidir?",A) Meşveret Meclisi,B) Divan-ı Hümayun,C) Meclis-i Ayan,D) Saltanat Şurası,E,orta,E şıkkı doğrudur çünkü Meclis-i Mebusan halkın seçtiği kişilerden oluşmaktadır.
c361bbf7-cfba-47ab-bbd3-1f19b155becf,4,İngilizce,Genel Dersler,Grammar,,sgs_2019_1_lisans_a_grubu_ingilizce.pdf,"We offer many different services all around the country, but we ---- in book-keeping and financial support.",A) specialize,B) repair,C) meet,D) invite,A,kolay,A şıkkı doğrudur çünkü cümlede 'specialize' kelimesi uygun bir fiildir.
a5eaf960-a9af-47bc-a9a7-89e0e2b0f0bf,5,Mali Tablolar Analizi,Muhasebe,Bilanço,,sgs_2019_1_lisans_a_grubu_ingilizce.pdf,Aşağıdaki hesaplardan hangisinin kalanı 'Dönem Kârı veya Zararı hesabı'nın alacak tarafına aktarılır?,A) Özel Maliyetler,B) Gelir Tahakkukları,C) Maliyet Gideri Karşılığı,D) Gelecek Aylara Ait Gelirler,B,zor,B şıkkı doğrudur çünkü Gelir Tahakkukları hesabı dönem kârına aktarılır.
0b524b77-3d86-49a5-99b9-d9eb87960ddc,1,Türkçe,Genel Dersler,Dil Bilgisi,,sgs_2019_3_lisans_a_grubu_ingilizce.pdf,Aşağıdaki cümlelerin hangisinde virgül yanlış kullanılmıştır?,A) ...,B) ...,C) ...,D) ...,D,kolay,D şıkkı doğrudur çünkü virgül gereksiz yere kullanılmıştır.
ff1ada9f-a1bf-4643-92c0-4ff48f8fb7f7,2,Matematik,Genel Dersler,Denklem,,sgs_2019_3_lisans_a_grubu_ingilizce.pdf,𝑥 + 2 = 5 denkleminin çözümü nedir?,A) 2,B) 3,C) 4,D) 5,B,orta,Denklemi çözdüğümüzde x = 3 bulunur.
ab7f2d22-c23b-4d76-a59b-b4e86c2b75d6,3,Tarih - Genel Kültür,Genel Dersler,Cumhuriyet,,sgs_2019_3_lisans_a_grubu_ingilizce.pdf,Cumhuriyetin ilanı hangi yılda olmuştur?,A) 1920,B) 1921,C) 1923,D) 1924,C,orta,Cumhuriyet 1923 yılında ilan edilmiştir.
98b1372a-c8ee-414a-8e6c-5eb944fe72e4,4,İngilizce,Genel Dersler,Grammar,,sgs_2019_3_lisans_a_grubu_ingilizce.pdf,Which sentence is correct?,A) He go to school.,B) He goes to school.,C) He going to school.,D) He gone to school.,B,kolay,B şıkkı doğrudur çünkü doğru fiil çekimi kullanılmıştır.
a1c531a1-37fa-4cb8-99e7-9f3f2b62bd94,5,Mali Tablolar Analizi,Muhasebe,Bilanço,,sgs_2019_3_lisans_a_grubu_ingilizce.pdf,Bilanço nedir?,A) Gelir tablosu,B) Varlıkların ve borçların listesi,C) Nakit akış tablosu,D) Kar dağıtım tablosu,B,orta,"Bilanço, varlıkların ve borçların listesi olarak tanımlanır."
91db9c54-dd15-493b-869c-397208b865e7,1,Türkçe,Genel Dersler,Noktalama,,sgs_2020_2_lisans_a_grubu_ingilizce.pdf,"Bu parçada ayraçlarla belirtilen yerlere, sırasıyla aşağıdakilerin hangisinde verilen noktalama işaretleri getirilmelidir?",A) (?) (…) (.) (…) (-) (.) (!),"B) (,) (?) (!) (?) (,) (;) (…)",,,A,orta,A şıkkı doğrudur çünkü noktalama işaretleri doğru bir şekilde yerleştirilmiştir.
0476c88a-db22-4697-a3b6-e41f35687116,2,Matematik,Genel Dersler,Fonksiyon,,sgs_2020_2_lisans_a_grubu_ingilizce.pdf,𝒇(𝒙) = 𝐥𝐧⁡(𝟏−√𝒙−𝟐) fonksiyonunun reel sayılar kümesi içerisindeki en geniş tanım kümesi aşağıdakilerden hangisidir?,"A) (1,3)","B) (2,3]","C) [2,3]","D) [2,3)",C,zor,"C şıkkı doğrudur çünkü tanım kümesi [2,3] aralığını kapsamaktadır."
274be5da-e49d-4de9-a6d5-e64674c373bf,3,Tarih - Genel Kültür,Genel Dersler,Cumhuriyet,,sgs_2020_2_lisans_a_grubu_ingilizce.pdf,"Millî Mücadele’nin başlarında, Mustafa Kemal Paşa ile resmî olmayan görüşmeler yapmak üzere Sivas’a gelen Fransız yetkili aşağıdakilerden hangisidir?",A) Amiral Bristol,B) James G. Harbord,C) Georges Picot,D) Kont Sforza,C,orta,"C şıkkı doğrudur çünkü Georges Picot, bu görüşmelerde yer almıştır."
80edb088-09d9-42c9-9f30-c63995ffb805,4,İngilizce,Genel Dersler,Grammar,,sgs_2020_2_lisans_a_grubu_ingilizce.pdf,"According to the World Health Organization, the COVID-19 ---- in Wuhan, China in December 2019.",A) originates,B) has originated,C) might originate,D) could originate,E,kolay,E şıkkı doğrudur çünkü geçmişte gerçekleşen bir olayı ifade etmektedir.
ee767d06-6055-4675-a9f2-16becc996702,2,Matematik,Genel Dersler,Matematik,,sgs_2026_1_lisans_a_grubu_ingilizce.pdf,𝐥𝐨𝐠𝟑(𝟒𝒙+𝟏) = 𝟐 eşitliğini sağlayan 𝒙 reel sayısı kaçtır?,A) 1,B) 2,C) 3,D) 4,B,zor,
eda30f45-ba70-41ac-b61f-52346313b89a,4,İngilizce,Genel Dersler,İngilizce,,sgs_2026_1_lisans_a_grubu_ingilizce.pdf,"In recent years, historians ---- several new letters from the Roman period.",A) have discovered,B) are discovering,C) discover,D) had to discover,A,orta,
e2e35376-3756-42c6-98d0-9c2daf8056f3,5,Finansal Muhasebe,Muhasebe,Finansal Muhasebe,,sgs_2026_1_lisans_a_grubu_ingilizce.pdf,"Hasan Balcı bu sezon oynadığı 35 maçta 21 gol, 4 asist yaptı. Bu cümlede anlatım bozukluğunun nedeni nedir?",A) Yüklem eksikliği,B) Özne eksikliği,C) Dolaylı tümleç eksikliği,D) Nesne eksikliği,A,zor,
12d68971-cb68-4cbe-bca0-db048f94741d,1,Türkçe,Genel Dersler,Yazım,,sgs_2016_2_lisans_a_grubu_almanca.pdf,Aşağıdaki cümlelerin hangisinde altı çizili sözcüğün yazımı yanlıştır?,A) Başöğretmen Mustafa Kemal Atatürk’ü özlemle anıyoruz.,B) Bu ilaç hastalığıma bire bir.,C) Birtakım düşünceler belleğini kurcalıyordu.,D) Onu tanımadığını farz etsen ne olur.,E,kolay,E şıkkı doğrudur çünkü 'tezgah' kelimesinin yazımı yanlıştır.
26bbb6ac-85f0-4ddf-8d9e-cb6202053073,5,Mali Tablolar Analizi,Muhasebe,Bilanço,,sgs_2020_2_lisans_a_grubu_ingilizce.pdf,"Bir işletme 2016 yılında satın aldığı kayıtlı değeri 60.000 ₺, yararlı ömrü 5 yıl olan makinesine 2019 yılında 20.000 ₺ değerinde yeni parça taktırmıştır. Buna göre, 2019 yılı sonunda makineye ayrılacak amortisman tutarı aşağıdakilerden hangisidir?",A) 8.800 ₺,B) 11.000 ₺,C) 11.200 ₺,D) 16.000 ₺,B,orta,B şıkkı doğrudur çünkü amortisman hesaplaması bu şekilde yapılmaktadır.
818d3e59-8622-4b5c-b24d-1c422d96cd55,1,Türkçe,Genel Dersler,Dil Bilgisi,,sgs_2021_1_lisans_a_grubu_ingilizce.pdf,"Aşağıdaki cümlelerin hangisinde ikileme, yakın anlamlı sözcüklerle oluşmuştur?",A) Az sonra bu sokaklarda ses seda duyulmayacaktı.,B) Yaydığı yalan yanlış haberlerle çevresindekileri tedirgin ediyordu.,C) Yıllardır görmediği torununa doya doya sarılmak istiyordu.,D) O sıralar komşularımız bize çat pat gelirlerdi.,B,kolay,B şıkkı doğrudur çünkü 'yalan' ve 'yanlış' kelimeleri yakın anlamlıdır.
5a4a0c3c-91b1-4e5e-aee3-1a2073bd5916,2,Matematik,Genel Dersler,Denklemler,,sgs_2021_1_lisans_a_grubu_ingilizce.pdf,𝑥 + 1/𝑥 = 3 olduğuna göre 𝑥^4 + 1/𝑥^4 ifadesinin değeri aşağıdakilerden hangisidir?,A) 30,B) 32,C) 35,D) 40,B,orta,B şıkkı doğrudur çünkü denklemi çözerek 𝑥^4 + 1/𝑥^4 değerini buluyoruz.
2610ce8d-2acf-4e03-a493-cdc331f6bba3,3,Tarih - Genel Kültür,Genel Dersler,Osmanlı,,sgs_2021_1_lisans_a_grubu_ingilizce.pdf,"Osmanlı Devleti'nde anayasal ve parlamentolu dönem, ilk kez aşağıdakilerden hangisiyle başlamıştır?",A) Birinci Meşrutiyet Dönemi,B) İkinci Meşrutiyet Dönemi,C) Nizam-ı Cedit Devri,D) Lale Devri,A,orta,A şıkkı doğrudur çünkü anayasal dönem Birinci Meşrutiyet ile başlamıştır.
414d938f-2722-4aa5-9859-2a13cccf919f,4,İngilizce,Genel Dersler,Grammar,,sgs_2021_1_lisans_a_grubu_ingilizce.pdf,Money is a form of exchange that is widely ---- in payment for goods and services and in settlement of debts.,A) invented,B) accepted,C) corrected,D) built,B,kolay,B şıkkı doğrudur çünkü 'accepted' kelimesi cümlede uygun bir şekilde kullanılmıştır.
7d18d338-2065-4063-b6bf-e90a862414cd,5,Mali Tablolar Analizi,Muhasebe,Bilanço,,sgs_2021_1_lisans_a_grubu_ingilizce.pdf,"Aşağıdaki işlemlerden hangisi, aktifleştirilmiş gider kavramına bir örnek olarak verilebilir?",A) Amortismana tabi bir maddi duran varlık satın alınması,B) Stokların vadeli olarak satılması,C) Faydalı ömrünü henüz tamamlamamış olan bir demirbaşın kârlı olarak satılması,D) Faydalı ömrünü tamamlamış bir maddi duran varlığın kârlı olarak satılması,A,orta,"A şıkkı doğrudur çünkü aktifleştirilmiş gider, maddi duran varlık alımını ifade eder."
8134cb0e-0a66-45f3-93f4-d8720fa8dfac,1,Türkçe,Genel Dersler,noktalama,,sgs_2021_3_lisans_a_grubu_ingilizce.pdf,Bu parçada ayraçlarla belirtilen yerlere aşağıdaki noktalama işaretlerinden hangileri sırayla getirilmelidir?,"A) (;) (,) (?) (,) (;) (,) (.)","B) (:) (,) (?) (;) (,) (,) (.)","C) (,) (,) (?) (,) (,) (-) (.)","D) (;) (,) (.) (;) (,) (-) (.)",A,orta,A şıkkı doğrudur çünkü noktalama işaretleri cümledeki anlamı doğru yansıtmaktadır.
70f342f6-6dcb-4129-be6c-53c444859da2,2,Matematik,Genel Dersler,oran,,sgs_2021_3_lisans_a_grubu_ingilizce.pdf,"x sayısının yarısı y sayısının 3 katına eşittir. Buna göre, x-y-z ifadesinin eşiti aşağıdakilerden hangisidir?",A) 3,B) 4,C) 5,D) 2x,B,orta,B şıkkı doğrudur çünkü verilen oranlar kullanılarak doğru sonuca ulaşılmıştır.
b327bb75-4e65-41b9-9459-76ba7aef85ef,3,Tarih - Genel Kültür,Genel Dersler,Cumhuriyet,,sgs_2021_3_lisans_a_grubu_ingilizce.pdf,"Türkiye Cumhuriyeti, Atatürk Dönemi olarak adlandırılan 1923-1938 yılları arasında, Akdeniz'in güvenliği ile ilgili aşağıdaki antlaşmalardan hangisini imzalamıştır?",A) Nyon Antlaşması,B) Berlin Antlaşması,C) Paris Antlaşması,D) Atina Antlaşması,A,orta,A şıkkı doğrudur çünkü Nyon Antlaşması bu dönemde imzalanmıştır.
81c7c417-ac55-422e-bb7b-8edd9d8f3ca2,4,İngilizce,Genel Dersler,grammar,,sgs_2021_3_lisans_a_grubu_ingilizce.pdf,Ancient Greek people ---- the positions of the stars to navigate and find out the best time to plant crops.,A) use,B) used,C) are using,D) will use,B,orta,B şıkkı doğrudur çünkü geçmiş zaman kullanımı gerekmektedir.
0338c4b6-a712-482e-a30d-1791ad2a3c2e,5,Mali Tablolar Analizi,Muhasebe,bilanço,,sgs_2021_3_lisans_a_grubu_ingilizce.pdf,"İşletmenin bilançosundan alınan bilgiler şöyledir: Sermaye 200.000 ₺, Kâr Yedekleri 125.000 ₺. Buna göre, 'Ödenmemiş Sermaye' tutarı aşağıdakilerden hangisidir?",A) 25.000 ₺,B) 50.000 ₺,C) 75.000 ₺,D) 100.000 ₺,B,orta,B şıkkı doğrudur çünkü verilen bilgilerden hesaplama yapılmıştır.
e633359e-87eb-48b7-887e-9c232464413c,1,Türkçe,Genel Dersler,Yazım Yanlışları,,sgs_2022_2_lisans_a_grubu_ingilizce.pdf,Aşağıdaki cümlelerin hangisinde yazım yanlışı yoktur?,"A) Broşür, teknik doküman ve sertifikalara aşağıdaki bağlantıdan ulaşabilirsiniz.",B) Serviste arabasının renginin orjinal olmadığını söylediler.,"C) Öz güveni eksik olan bir insan, insiyatif kullanmaktan korkar.","D) Yıllar önce, evinin kapısına ünvanını yazan bir akademisyenle çalışmıştım.",A,kolay,
ff2f34a6-0a2d-4428-95c2-34b01f71c4a8,2,Matematik,Genel Dersler,Fonksiyon,,sgs_2022_2_lisans_a_grubu_ingilizce.pdf,"Pozitif gerçel sayılar kümesi üzerinde tanımlı 𝒇 ve 𝒈 fonksiyonları, 𝒇(𝒙) = 𝟐√𝒙+𝟏 ve 𝒈(𝒙) = 𝟑𝒙+𝟕 şeklindedir. Buna göre 𝒇(𝒈(𝟑)) değeri nedir?",A) 4,B) 6,C) 7,D) 9,D,orta,
21d44e61-ac8d-4818-94be-f854952b87a6,3,Tarih - Genel Kültür,Genel Dersler,Osmanlı,,sgs_2022_2_lisans_a_grubu_ingilizce.pdf,Aşağıdakilerden hangisi Millî Mücadele yıllarında Osmanlı Hükûmeti tarafından kurulmuştur?,A) Heyet-i Nasiha,B) Kuva-yı Seyyare,C) Kuva-yı Milliye,D) Heyet-i Temsiliye,A,orta,
570a582f-4a53-4c3e-af62-3ada3514c390,4,İngilizce,Genel Dersler,Grammar,,sgs_2022_2_lisans_a_grubu_ingilizce.pdf,Your eyes start hurting ---- you work on the computer too long.,A) however,B) but,C) though,D) before,E,kolay,
c310db97-c7ab-4184-88f7-bb8e511711c3,5,Mali Tablolar Analizi,Muhasebe,Bilanço,,sgs_2022_2_lisans_a_grubu_ingilizce.pdf,İşletme kayıtlarına 140.000 ₺ olarak aktardığı 10.000 € nominal değerli borç senedinin reeskont tutarını 560 € olarak hesaplamıştır. Değerleme gününde 1 € = 15 ₺ olduğuna göre borç senedinin tasarruf değeri kaç ₺’dir?,A) 8.400,B) 10.000,C) 131.600,D) 141.600,C,zor,
cd1c7dbf-309a-4642-b2bf-cafa413a873c,1,Türkçe,Genel Dersler,Cümle Yapısı,,sgs_2023_1_lisans_a_grubu_ingilizce KOPYALANMIYOR.pdf,"Haydarpaşa'dan 15.45'te kalkan katar, ufacık fakat cesur bir oyuncak gibi geçiyor bozkırı. Aşağıdaki cümlelerden hangisi ögelerinin dizilişi bakımından yukarıdaki cümleyle özdeştir?","A) Sakaryalı Şahin, ağzının içinde ağlayan bir düdük varmış gibi konuşuyordu kahvenin içinde.",B) Fabrika bacasından simsiyah bir duman tütüyordu gökyüzüne doğru.,"C) Onlar, bu kibirli ve kısır toprağın ortasında insan soyunun emeği, aklı ve ümidi gibi güzeldiler.","D) Mevzideki biricik silahsız adam, küçücük ama nasırlı elleriyle yıkadı taburun yemekhanesindeki bütün bulaşıkları.",C,orta,
faf97cf0-3b05-4443-8799-30928d32c7d7,2,Matematik,Genel Dersler,Limit,,sgs_2023_1_lisans_a_grubu_ingilizce KOPYALANMIYOR.pdf,lim x→0 sin(sinx)/(1−ln[(1−x)e]) limitinin değeri aşağıdakilerden hangisidir?,A) 1,B) 2,C) e,D) 3,C,zor,
502aeb2d-0874-4026-9b7a-242a54f2f0b8,3,Tarih - Genel Kültür,Genel Dersler,Cumhuriyet Dönemi,,sgs_2023_1_lisans_a_grubu_ingilizce KOPYALANMIYOR.pdf,"Cumhuriyet dönemindeki Takrîr-i Sükûn Kanunu, aşağıdaki isyanlardan hangisini bastırmak için çıkarılmıştır?",A) Koçgiri İsyanı,B) Şeyh Sait İsyanı,C) 31 Mart Olayı,D) Menemen Olayı,B,orta,
7a15bc51-a546-48c6-8cad-6829ec3ee0ae,4,İngilizce,Genel Dersler,Grammar,,sgs_2023_1_lisans_a_grubu_ingilizce KOPYALANMIYOR.pdf,"Pythons, the giant snakes of Africa, Australia, and South Asia, tend to strike their prey ---- from a hidden position.",A) suddenly,B) kindly,C) fortunately,D) honestly,A,orta,
3fbdbdc5-02f6-408c-891b-35b033a83b53,5,Mali Tablolar Analizi,Muhasebe,Bilanço,,sgs_2023_1_lisans_a_grubu_ingilizce KOPYALANMIYOR.pdf,Bir fabrikaya 20 yeni çalışan alınmıştır. Yeni alınan çalışanların %25’i mühendis olup fabrikadaki mühendis sayısı tüm çalışanların %10’undan %15’ine çıkmıştır. Fabrikada işten ayrılan çalışan olmadığına göre son durumda fabrikada toplam kaç çalışan vardır?,A) 50,B) 60,C) 65,D) 75,C,orta,
74418b43-0dbd-4073-901a-6484d6b26ccc,1,Türkçe,Genel Dersler,Öge Dizilişi,,sgs_2023_3_lisans_a_grubu_ingilizce.pdf,"Kültürel birikim ve yazınsal üretim açısından oldukça varsıl bir ülke olan Türkiye'de yazar müze evleri ve kütüphaneleri her yıl artmaktadır. Aşağıdaki cümlelerden hangisi, öge dizilişi bakımından yukarıdaki cümleyle özdeştir?",A) Türkiye'deki yazar müze evlerinin en başarılı örnekleri İstanbul'dadır.,B) Türkiye'nin en önemli yazar müze evlerinden biri olan Aşiyan Müzesi'nde Tevfik Fikret'in eşya ve kitapları büyük bir titizlikle korunmaktadır.,C) Avrupa'nın en önemli yazar müze evlerinden Kafka Müzesi'ne ev sahipliği yapan Çekya'da on iki yazar müze evi bulunmaktadır.,D) Samanpazarı'ndan Çıkrıkçılar Yokuşu'na doğru yürürken Ankara romanının ana karakteri Selma'nın Tacettin Mahallesi'nde nasıl yaşadığını hayal ediyorum.,C,orta,
7a39867c-424e-4c4f-81bc-bd7c2f069272,2,Türkçe,Genel Dersler,Yazım Kuralları,,sgs_2023_3_lisans_a_grubu_ingilizce.pdf,Aşağıdaki seçeneklerden hangisinde kesme işareti (') yanlış kullanılmıştır?,A) Kurtuluş Savaşı'nın adsız kahramanlarına çok şey borçluyuz.,B) Serbest Muhasebeci Mali Müşavirlik ve Yeminli Mali Müşavirlik Kanunu'nun amaçlarından biri de işletmelerde faaliyetlerin ve işlemlerin sağlıklı ve güvenilir şekilde işleyişini sağlamaktır.,C) Bakanlar Kurulu’nun yıllar önce almış olduğu bir karar tartışmalara yol açmıştı.,D) Sanat tarihçileri Esma Sultan Yalısı'nın neoklasik bir eser olduğunu söylüyorlar.,C,kolay,
c6825436-896a-4de9-b8c4-cdf230da99a4,3,Matematik,Genel Dersler,Denklemler,,sgs_2023_3_lisans_a_grubu_ingilizce.pdf,a ve b birer rakam olmak üzere beş basamaklı 24a5b doğal sayısı 15 ile tam bölünebilmektedir. Buna göre a rakamının alabileceği en büyük değer kaçtır?,A) 5,B) 6,C) 7,D) 8,C,orta,
226dd159-cc59-470e-9c03-47e4ba8622f1,4,Tarih - Genel Kültür,Genel Dersler,Osmanlı,,sgs_2023_3_lisans_a_grubu_ingilizce.pdf,"İtilaf Devletleri, Birinci Dünya Savaşı sırasında Osmanlı Devleti’ni paylaşmak için kendi aralarında birtakım gizli anlaşmalar imzalamıştır. Aşağıdaki antlaşmalardan hangisi İtalya’ya toprak vaat eden antlaşmadır?",A) Saint Jean de Maurienne,B) İstanbul,C) Sykes-Picot,D) Uşi (Ouchy),A,zor,
da535076-8b99-4133-ab5e-b6d66a61f745,5,İngilizce,Genel Dersler,Grammar,,sgs_2023_3_lisans_a_grubu_ingilizce.pdf,Artisans in ancient civilizations ---- glass objects primarily for decorative and ritualistic purposes.,A) are making,B) made,C) were made,D) will make,B,orta,
d7bd18a3-da57-4a6a-97e0-934d9cbd4b30,1,Türkçe,Genel Dersler,Anlatım Bozukluğu,,sgs_2024_2_lisans_a_grubu_ingilizce.pdf,"“Beni gözünden sakınan, el üstünde tutan, değer veren tek dostumdu o.” cümlesindeki anlatım bozukluğunun nedeni aşağıdakilerden hangisidir?",A) Nesne eksikliği,B) Yardımcı eylem eksikliği,C) Dolaylı tümleç eksikliği,D) Özne eksikliği,A,orta,
ff102d91-8cba-4bec-9b43-7fde4e94f917,2,Matematik,Genel Dersler,Denklemler,,sgs_2024_2_lisans_a_grubu_ingilizce.pdf,"𝒂, 𝒃 ve 𝒄 pozitif tamsayılar olmak üzere; 3𝒂 + 𝒃 + 2𝒄 sayısının çift sayı olduğu biliniyor. Buna göre; I. 2𝑎 + 𝑐 II. 𝑎 + 𝑏 III. 𝑎𝑏 + 𝑎 sayılarından hangisi/hangileri kesinlikle çift sayıdır?",A) Yalnız II,B) Yalnız III,C) I ve II,D) I ve III,C,orta,
0b08e1bf-da20-42e3-9c33-ef1f3d5ffa42,3,Tarih - Genel Kültür,Genel Dersler,Cumhuriyet Dönemi,,sgs_2024_2_lisans_a_grubu_ingilizce.pdf,Cumhuriyetin ilk yıllarında “yabancı okullar sorunu” devleti uğraştıran önemli sorunlardan biri olmuştur. Bu konuda Türkiye hangi ülke ile anlaşmazlık yaşamıştır?,A) İtalya,B) ABD,C) İngiltere,D) Fransa,D,orta,
e2185d4c-58b2-4732-b6a6-d0122b7ff2c0,4,İngilizce,Genel Dersler,Grammar,,sgs_2024_2_lisans_a_grubu_ingilizce.pdf,"In today’s world, there are innovative technologies ---- have changed the idea of producing sustainable energy.",A) who,B) which,C) whose,D) whom,B,orta,
faa25bd6-b536-4f69-8df6-9d0ef1e2a212,5,Mali Tablolar Analizi,Muhasebe,Bilanço,,sgs_2024_2_lisans_a_grubu_ingilizce.pdf,"A iş yerinde çalışanların %25’i, B iş yerinde çalışanların ise %50’si kadındır. Bu iki iş yerinde çalışanların tamamının %40’ı kadın olduğuna göre, A iş yerinde çalışanların sayısının B iş yerinde çalışanların sayısına oranı kaçtır?",A) 1/3,B) 3/5,C) 2/3,D) 3/4,C,orta,
381d18eb-054c-4f83-bb16-dd873442b80f,1,Türkçe,Genel Dersler,Anlatım Bozukluğu,,sgs_2025_1_lisans_a_grubu_ingilizce.pdf,"“Çarpık kentleşme, kentin doğal, kültürel ve tarihsel dokusunu bozuyor, yaşanmaz hâle getiriyor.” cümlesindeki anlatım bozukluğunun benzeri, aşağıdakilerin hangisinde vardır?",A) ...,B) ...,C) ...,D) ...,C,orta,
5b13d19d-009d-4719-a6ff-2a428c01e472,2,Türkçe,Genel Dersler,Noktalama İşaretleri,,sgs_2025_1_lisans_a_grubu_ingilizce.pdf,“Tren bir istasyonda durunca kapı gürültü ile açıldı ( ) Bize ( ) “Ayaklar yukarı ( )” diye bağırdılar ( ) hepimiz emre itaet ettik ( ) İçeriye demirden yapılmış ( ) vagonun zemini uzunluğunda yayvan bir sanduka sürdüler.” Yukarıdaki parçada ayraçlarla ( ) belirtilen yerlere getirilmesi gereken noktalama işaretleri aşağıdaki hangi seçenekte doğru verilmiştir?,A) ...,B) ...,C) ...,D) ...,B,orta,
5654f12b-e471-4bdd-9625-ca49b60b649f,3,Matematik,Genel Dersler,Limit,,sgs_2025_1_lisans_a_grubu_ingilizce.pdf,𝐥𝐢𝐦 𝒏→∞ √𝟐𝟕𝒏𝟓−𝟏𝟔𝒏−𝟏 𝟑 √𝟖𝒏𝟓−𝟏 𝟑 limitinin sonucu aşağıdakilerden hangisidir?,A) −∞,B) 0,C) 27/8,D) 3/2,C,zor,
1ee6a465-7278-4111-93ac-f2d1884cc87d,4,Tarih - Genel Kültür,Genel Dersler,Cumhuriyet,,sgs_2025_1_lisans_a_grubu_ingilizce.pdf,Milletler Cemiyeti (Cemiyet-i Akvam) aşağıdaki konferanslardan hangisinin sonucunda kurulmuştur?,A) Paris Barış Konferansı,B) Londra Konferansı,C) Kahire Konferansı,D) Quebec Konferansı,A,orta,
55ae0e21-6f18-4671-abf5-f38890f3b250,5,İngilizce,Genel Dersler,Grammar,,sgs_2025_1_lisans_a_grubu_ingilizce.pdf,"Visitors ---- present a valid ID when renting a bicycle in the city centre, as per municipal regulations.",A) would,B) must,C) can,D) might,B,orta,
81c25ba0-5266-4c98-b68d-5f4a9b72c32d,6,Mali Tablolar Analizi,Muhasebe,Bilanço,,sgs_2025_1_lisans_a_grubu_ingilizce.pdf,E İşletmesi D A.Ş.’ye ait borsa rayici 6 ₺ olan hisse senetlerinden spekülatif amaçlı olarak 2.000 adet satın almıştır. Bu bilgilere göre E İşletmesinin yapacağı kayıtta aşağıdaki hesaplardan hangisinin kullanımı doğrudur?,A) İştirakler hesabı 12.000 ₺ borçlandırılır.,B) Hisse Senetleri hesabı 6.000 ₺ borçlandırılır.,C) Bankalar hesabı 27.054 ₺ alacaklandırılır.,D) Bağlı Ortaklıklar hesabı 15.000 ₺ borçlandırılır.,B,zor,
d680a0e0-38fd-403d-a42a-26584ef870fa,1,Türkçe,Genel Dersler,anlatım bozukluğu,,sgs_2025_3_lisans_b_grubu_ingilizce.pdf,"Yukarıdaki metinde yazar, düşüncesini geliştirmek için en çok hangi yola başvurmuştur?",A) Tanık gösterme ve alıntı yapma,B) Betimleme,C) Tanımlama,D) Karşılaştırma,A,orta,
2f25db8e-8976-4fec-a502-d1af9df02a2a,2,Matematik,Genel Dersler,oran,,sgs_2025_3_lisans_b_grubu_ingilizce.pdf,Aşağıdaki işlemlerden hangisi yanlıştır?,A) 2 + 2 = 4,B) 3 * 3 = 9,C) 5 - 2 = 3,D) 6 / 2 = 4,D,orta,
ee63f9d8-dc2b-4b21-9064-eac18cbd5be2,3,Tarih - Genel Kültür,Genel Dersler,Osmanlı,,sgs_2025_3_lisans_b_grubu_ingilizce.pdf,Osmanlı Devleti'nin kuruluş tarihi nedir?,A) 1299,B) 1453,C) 1517,D) 1683,A,orta,
7b517ada-517b-46ec-8234-3b8b605bce41,4,İngilizce,Genel Dersler,grammar,,sgs_2025_3_lisans_b_grubu_ingilizce.pdf,Which of the following sentences is correct?,A) She go to school.,B) She goes to school.,C) She gone to school.,D) She going to school.,B,orta,
e8c63137-e1f1-4b44-a5bb-1d4c5b997c53,5,Mali Tablolar Analizi,Muhasebe,bilanço,,sgs_2025_3_lisans_b_grubu_ingilizce.pdf,Bilanço nedir?,A) Gelir tablosu,B) Varlıkların ve yükümlülüklerin listesi,C) Nakit akış tablosu,D) Karşılaştırmalı tablo,B,orta,
3567eb4b-253f-40b2-8bc0-c22e567aaf57,1,Türkçe,Genel Dersler,anlatım bozukluğu,,sgs_2022_1_lisans_a_grubu_ingilizce soru kopyalanmıyor.pdf,Aşağıdaki cümlelerin hangisinde bir anlatım bozukluğu yoktur?,A) ...,B) ...,C) ...,D) ...,C,kolay,
4837ad28-b6cd-4ae3-99b6-abff74cf7a06,2,Matematik,Genel Dersler,oran,,sgs_2022_1_lisans_a_grubu_ingilizce soru kopyalanmıyor.pdf,"Bir 𝑪 noktası,  𝑨𝑩 doğru parçasını |𝑨𝑪|/|𝑩𝑪| = 𝟒 oranında dıştan bölüyor. 𝑨(𝟑, 𝟏), 𝑩(𝟗, −𝟓) olduğuna göre 𝑨𝑩 doğru parçasının orta noktasının 𝑨𝑪 doğru parçasının orta noktasına uzaklığı kaç birimdir?",A) 1,B) 2,C) √2,D) √3,B,orta,
db2b4d21-b3f2-4a9c-a0ad-9d43adf78367,3,Tarih - Genel Kültür,Genel Dersler,Cumhuriyet,,sgs_2022_1_lisans_a_grubu_ingilizce soru kopyalanmıyor.pdf,"Millî Mücadele döneminde aşağıdaki gelişmelerden hangisi, Mustafa Kemal Paşa'nın Samsun'a ayak basması öncesinde gerçekleşmiştir?",A) ...,B) ...,C) ...,D) ...,D,orta,
0b1930bd-d715-48a5-8347-1297a943f967,4,İngilizce,Genel Dersler,grammar,,sgs_2022_1_lisans_a_grubu_ingilizce soru kopyalanmıyor.pdf,The birth of statistics is often dated to 1662 when John Graunt ---- early human statistical and census methods.,A) was developing,B) has developed,C) developed,D) is developing,C,kolay,
32f30aa9-b938-48e2-9735-2c786f241b68,5,Mali Tablolar Analizi,Muhasebe,bilanço,,sgs_2022_1_lisans_a_grubu_ingilizce soru kopyalanmıyor.pdf,Aşağıdaki işlemlerden hangisi muhasebe dışı envanter işlemi değildir?,A) ...,B) ...,C) ...,D) ...,C,orta,
f66aafa6-ea01-4f80-8647-06a7e898b936,1,Türkçe,Genel Dersler,Paragraf,,sgs_2024_1_lisans_a_grubu_ingilizce.pdf,Yukarıdaki numaralandırılmış cümlelerden kurallı ve anlamlı bir paragraf oluşturulmak istenirse paragrafın dördüncü cümlesi aşağıdakilerden hangisi olur?,A) I,B) II,C) III,D) IV,D,orta,
56677503-d6d3-49f0-9329-ff17e1d7a6ed,2,Türkçe,Genel Dersler,Dil Bilgisi,,sgs_2024_1_lisans_a_grubu_ingilizce.pdf,Aşağıdaki cümlelerde altı çizili sözcüklerden hangisi gerçek anlamının dışında kullanılmıştır?,A) Yalnız çocukların değil büyüklerin de merakla beklediği film gösterime girdi.,B) Biriyle tanıştığınızda önce farklılıklarınızı görürsünüz ama zamanla benzerlikleri fark edersiniz.,"C) Kariyeri boyunca bir ödül töreninde, kürsüde konuşma yapmamış nice oyuncu var.",D) Köyün dışındaki bu eski ev kim bilir kaç farklı hikâyeye tanıklık etti.,E,orta,
c748ae93-c033-4dc1-a23a-813f43a72728,3,Matematik,Genel Dersler,Denklem,,sgs_2024_1_lisans_a_grubu_ingilizce.pdf,𝒚 = 𝒆𝒔𝒊𝒏(𝒙𝟐) olmak üzere 𝒅𝒚/𝒅𝒙 (√𝝅) türevinin değeri kaçtır?,A) -2√𝜋,B) -𝜋,C) 1,D) √𝜋,D,zor,
83836a4a-e451-4d03-89ce-1b08dad2e45d,4,Tarih - Genel Kültür,Genel Dersler,Osmanlı,,sgs_2024_1_lisans_a_grubu_ingilizce.pdf,Aşağıdaki gelişmelerden hangisi Osmanlı hanedanının yurt dışına çıkarılmasıyla doğrudan ilgilidir?,A) Saltanatın kaldırılması,B) Lozan Barış Antlaşması’nın imzalanması,C) Cumhuriyetin ilan edilmesi,D) Halifeliğin kaldırılması,A,orta,
c7dead4a-c7f4-4c95-a7cc-c9212853aeca,5,İngilizce,Genel Dersler,Grammar,,sgs_2024_1_lisans_a_grubu_ingilizce.pdf,"Nowadays, modern food preservation techniques ---- the shelf life of food products, significantly reducing waste and improving food security.",A) were extended,B) are extending,C) are extended,D) were extending,C,orta,
e3ce3fc8-894a-4e09-9d7a-7da996ab3680,1,Türkçe,Genel Dersler,Sözcük Türleri,,sgs_2024_3_lisans_a_grubu_ingilizce.pdf,Yukarıdaki şiirde aşağıdaki sözcük türlerinden hangisi yoktur?,A) Ad,B) Belirteç (zarf),C) İlgeç (edat),D) Sıfat,C,kolay,
b9c1c654-1827-469f-a1d0-e74b2b985d44,2,Türkçe,Genel Dersler,Anlatım Bozukluğu,,sgs_2024_3_lisans_a_grubu_ingilizce.pdf,Yukarıdaki sözleri söyleyen kişi aşağıdakilerden hangisini vurgulamaktadır?,A) Özveriyi,B) Birikimi,C) Yeteneği,D) Hayal gücünü,B,orta,
794f135b-fd42-4b8d-8a72-07181fd1ecff,3,Matematik,Genel Dersler,Denklem,,sgs_2024_3_lisans_a_grubu_ingilizce.pdf,"𝑓(𝑥) = 𝑥²(1 − 𝑥³) ile tanımlı 𝑓: ℝ → ℝ fonksiyonunun [0, 1] aralığı üzerinde aldığı en büyük değer ile en küçük değerin toplamı kaçtır?",A) 4/5,B) (3/5)^(1/3),C) 3/5(2/5)^(2/3),D) 2/5,A,zor,
e5b585e9-de7b-4dd8-96c0-6a54a4b051c0,4,Tarih - Genel Kültür,Genel Dersler,Osmanlı,,sgs_2024_3_lisans_a_grubu_ingilizce.pdf,Osmanlı Devleti’nde “Kabakçı Mustafa İsyanı” ile tahttan indirilen padişah aşağıdakilerden hangisidir?,A) III. Selim,B) IV. Mustafa,C) III. Ahmet,D) II. Mahmut,B,orta,
e6f0e1fd-c78d-442d-8759-4a2e83f4649a,5,İngilizce,Genel Dersler,Grammar,,sgs_2024_3_lisans_a_grubu_ingilizce.pdf,Researchers ---- follow strict rules when they do experiments if they need to get accurate and reliable results.,A) had to,B) could,C) would,D) have to,D,kolay,
6b4bc040-a07e-4c6a-a16f-694921afc7ee,6,Mali Tablolar Analizi,Muhasebe,Bilanço,,sgs_2024_3_lisans_a_grubu_ingilizce.pdf,"İşletmenin bankadan 1.10.2024 tarihinde sağladığı 6 ay vadeli, anapara ve faiz geri ödemesi vade sonunda yapılacak krediyle ilgili olarak kredinin kullanıldığı tarih ile bilanço günü arasında geçen günlere ilişkin faiz işletme tarafından hesaplanarak muhasebeleştirilecektir. Bu işlemin muhasebeleştirilmesiyle ilgili aşağıdakilerden hangisi doğrudur?",A) Banka Kredileri hesabının alacak tarafına kayıt yapılır.,B) Finansman Giderleri hesabının alacak tarafına kayıt yapılır.,C) Gider Tahakkukları hesabının alacak tarafına kayıt yapılır.,D) Alınan Avanslar hesabının borç tarafına kayıt yapılır.,C,orta,
d7ca9567-2278-4bf0-8aac-5a8cfcf41e6e,7,Maliye,Finans,Bütçe,,sgs_2024_3_lisans_a_grubu_ingilizce.pdf,"Kamu harcamaları artış oranı %A olmuştur. A, aşağıdakilerden hangisi ise kamu harcamalarında kesinlikle bir “gerçek” artıştan bahsedilebilir?",A) 5,B) 7,C) 10,D) 14,C,kolay,
0e0c1334-1eff-4bd6-a2d0-29d18d79f55f,1,Türkçe,Genel Dersler,Yazım,,sgs_2025_2_lisans_a_grubu_ingilizce.pdf,Aşağıdaki altı çizili ifadelerden hangisinin yazımı yanlıştır?,"A) Zamanın altüst etmediği, er ya da geç sürükleyip götürmediği hiç bir şey yoktur.","B) Günümüzün krizi, hayata anlam ve yön verebilecek her şeyin kopup gitmesidir.","C) Ne yaparsan yap, pişman öleceksin. Belki yaptıklarından, belki de yapmadıklarından.","D) Siz yardım edilmiş yoksullar istiyorsunuz, biz ise ortadan kaldırılmış yoksulluk.",A,kolay,
8ce8c590-02c3-40bb-a67d-992f95f4e090,2,Matematik,Genel Dersler,Denklem,,sgs_2025_2_lisans_a_grubu_ingilizce.pdf,𝑦 = 2𝑥 + 3 doğrusunun eğimi nedir?,A) 1,B) 2,C) 3,D) 4,B,orta,
4504d372-d794-442f-9db9-b5dad01d5780,3,Tarih - Genel Kültür,Genel Dersler,Cumhuriyet,,sgs_2025_2_lisans_a_grubu_ingilizce.pdf,"Mustafa Kemal Paşa, 'Siz orada yalnız düşmanı değil, milletin makûs talihini de yendiniz' sözünü hangi zafer için söylemiştir?",A) 30 Ağustos Zaferi,B) Birinci İnönü Zaferi,C) Dumlupınar Zaferi,D) Sakarya Zaferi,A,kolay,
62928dbd-c383-427d-b912-4b8e1935efd3,4,İngilizce,Genel Dersler,Grammar,,sgs_2025_2_lisans_a_grubu_ingilizce.pdf,"Wooden dolls, which have remained popular ---- centuries, are still made by hand ---- many regions of Eastern Europe.",A) of / on,B) for / in,C) during / at,D) by / of,B,kolay,
9b5c306a-c5c2-4e5a-9f11-32e945e68d07,5,Mali Tablolar Analizi,Muhasebe,Bilanço,,sgs_2025_2_lisans_a_grubu_ingilizce.pdf,Aşağıdaki muhasebe kaydında hangi hesap borçlandırılmalıdır?,A) 102 BANKALAR,B) 649 DİĞER OLAĞAN GELİR VE KÂRLAR,C) 181 GELİR TAHAKKUKLARI,"D) 253 TESİS, MAKİNE VE CİHAZLAR",C,orta,
82b6c60b-57f4-4b66-85e6-989b836ec81a,3,Tarih - Genel Kültür,Genel Dersler,Tarih - Genel Kültür,,sgs_2026_1_lisans_a_grubu_ingilizce.pdf,Osmanlı aile hukukunu düzenleyen Hukuk-ı Aile Kararnamesi aşağıdaki hangi padişah döneminde çıkarılmıştır?,A) III. Selim,B) II. Abdülhamit,C) II. Mahmut,D) V. Mehmet Reşat,C,orta,
4abe6123-2d2e-4947-be17-ea1a40d06372,4,Almanca,Genel Dersler,İşçi,,sgs_2019_2_lisans_a_grubu_almanca.pdf,"4857 sayılı İş Kanunu’na göre, aşağıdaki hâllerden hangisi işverenin eşit işlem yapma borcuna aykırıdır?",A) İşyerinde işe yeni alınan işçi ile aynı konumda çalışan ancak yirmi yıllık kıdemi bulunan işçi arasında kıdem farkı gerekçe gösterilerek farklı düzeyde ücretin ödendiği durum,B) Biyolojik veya işin niteliğine ilişkin sebeplerin zorunlu kılması nedeniyle işverenin iş ilişkisinin kurulmasında işçinin gebeliği nedeniyle farklı işlemde bulunduğu durum,"C) İşyerinde belirsiz süreli iş sözleşmesiyle çalışan işçilerin yılda bir hak kazandığı ikramiyeden, işyerinde altı aylık belirli süreli iş sözleşmesiyle çalışan işçinin çalışma süresi ile orantılı olarak yararlandırılmadığı durumda",D) Biyolojik veya işin niteliğine ilişkin sebeplerin zorunlu kılması nedeniyle işverenin iş ilişkisinin kurulmasında işçinin cinsiyeti nedeniyle farklı işlemde bulunduğu durumda,A,orta,A şıkkı doğrudur çünkü kıdem farkı gerekçe gösterilerek farklı ücret ödenmesi eşit işlem yapma borcuna aykırıdır.
774640c3-e018-49e9-9f12-7a502f9d4f98,2,Türkçe,Genel Dersler,Noktalama,,sgs_2016_2_lisans_a_grubu_almanca.pdf,Ertesi sabah saat 08( )30’da işe koyulmuşlardı( ) İşlerin tamamını bir günde bitirmeleri( ) paketleyip sahiplerine ulaştırmaları mümkün değildi( ) Ayraçla boş bırakılan yerlere sırasıyla aşağıdaki noktalama işaretlerinden hangisi getirilmelidir?,A) (.) (.) (;) (!) ,B) (.) (:) (;) (.),C) (-) (.) (;) (.),"D) (.) (.) (,) (.)",B,orta,B şıkkı doğrudur çünkü cümledeki noktalama işaretleri doğru bir şekilde yerleştirilmiştir.
d4c4db57-8fce-42f8-b539-8eb5f6a969f8,3,Matematik,Genel Dersler,Denklem,,sgs_2016_2_lisans_a_grubu_almanca.pdf,"x = √2 – 1 olduğuna göre, x(x+1)(x+2) çarpımının sonucu kaçtır?",A) -1,B) 0,C) 1,D) √2,B,orta,B şıkkı doğrudur çünkü x değerini yerine koyduğumuzda çarpım 0 çıkmaktadır.
cdf46cea-daea-40ff-be66-25adc730bbc2,4,Tarih - Genel Kültür,Genel Dersler,Cumhuriyet,,sgs_2016_2_lisans_a_grubu_almanca.pdf,"Sivas Kongresi’nde alınan kararları uygulama görevi, aşağıdakilerden hangisine verilmiştir?",A) Felah-ı Vatan Grubu,B) Heyet-i Temsiliye,C) Mebusan Meclisi,D) Ayan Meclisi,B,orta,B şıkkı doğrudur çünkü Sivas Kongresi'nde alınan kararları uygulama görevi Heyet-i Temsiliye'ye verilmiştir.
93bf6d53-ec24-446c-ae78-9b7e245f07bf,5,Mali Tablolar Analizi,Muhasebe,Bilanço,,sgs_2016_2_lisans_a_grubu_almanca.pdf,"İşletme 200.000 TL tutarındaki kârı dağıtma kararı almıştır. Buna göre, hesaplanan I. tertip ve II. tertip yedek akçe tutarı 30.000 TL, ana sözleşme gereğince ayrılacak yedek akçe tutarı 60.000 TL’dir. Kâr dağıtımına ilişkin yapılacak kayıtla ilgili aşağıdakilerden hangisi doğrudur?",A) Statü Yedekleri hesabı 60.000 TL alacaklandırılır.,B) Ortaklara Borçlar hesabı 200.000 TL alacaklandırılır.,C) Yasal Yedekler hesabı 30.000 TL borçlandırılır.,D) Dönem Net Kârı hesabı 200.000 TL borçlandırılır.,C,orta,C şıkkı doğrudur çünkü yasal yedekler hesabı borçlandırılmalıdır.
c0c9c3a6-08bb-4559-9d12-5426cfab3683,1,Türkçe,Genel Dersler,Anlatım Bozukluğu,,sgs_2017_2_lisans_a_grubu_almanca.pdf,"Üvey annem yine gemiyi azıya aldı, beni bir yardan atıp kanıma ekmek doğramak istiyordu. Yukarıdaki cümlede anlatım bozukluğu, aşağıdakilerden hangisi ile giderilir?",A) “yar” sözcüğü yerine “uçurum” sözcüğü kullanılarak,B) “gemiyi” sözcüğü yerine “gemi” sözcüğü kullanılarak,C) “beni” sözcüğü cümleden atılarak,D) “azıya” sözcüğü yerine “azığa” sözcüğü kullanılarak,D,kolay,D şıkkı doğrudur çünkü ‘azıya’ kelimesi yanlış kullanılmıştır.
cf02ae11-04b4-4318-910d-d676336f5385,2,Matematik,Genel Dersler,Denklem,,sgs_2017_2_lisans_a_grubu_almanca.pdf,1/(x-4) = 1/(2x-3) denklemini sağlayan x aşağıdakilerden hangisidir?,A) -1,B) 0,C) 1,D) 2,D,orta,D şıkkı doğrudur çünkü x=2 denklemi sağlar.
7a70baa4-62ae-43ce-98c6-92bc82a2d8a3,3,Tarih - Genel Kültür,Genel Dersler,Cumhuriyet,,sgs_2017_2_lisans_a_grubu_almanca.pdf,Türkiye Cumhuriyeti'nin kuruluş tarihi aşağıdakilerden hangisidir?,A) 1920,B) 1923,C) 1938,D) 1945,B,orta,B şıkkı doğrudur çünkü Türkiye Cumhuriyeti 1923'te kurulmuştur.
e2e4649c-e507-41da-9f95-65f0b1c1ab95,4,Mali Tablolar Analizi,Muhasebe,Bilanço,,sgs_2017_2_lisans_a_grubu_almanca.pdf,Aşağıdaki hesaplardan hangisi bilanço aktifinde yer almaz?,A) Nakit,B) Alacaklar,C) Stoklar,D) Kısa Vadeli Borçlar,D,orta,D şıkkı doğrudur çünkü kısa vadeli borçlar pasifte yer alır.
9b4d5147-26df-4bbd-8d71-4140813d26f4,5,Muhasebe Standartları,Muhasebe,TMS,,sgs_2017_2_lisans_a_grubu_almanca.pdf,"TMS 1'e göre, finansal tabloların sunumunda hangi ilke geçerlidir?",A) Süreklilik,B) Dikkatli Olma,C) Önemlilik,D) Tutarlılık,A,zor,A şıkkı doğrudur çünkü süreklilik ilkesi finansal tabloların sunumunda temel bir ilkedir.
eaa98440-c02c-4dee-b759-f8d6dd54e95b,1,Türkçe,Genel Dersler,Yazım Yanlışları,,sgs_2018_1_lisans_a_grubu_almanca.pdf,Aşağıdakilerin hangisinde yazım yanlışı yoktur?,"A) Çok kibar bir insandı; büyük küçük demez, herkesin hatrını sayardı.",B) Çocuklarını büyütebilmek için verimsiz toprakda çok sıkı çalışıyorlardı.,"C) Önüne patates, samırsak ve lahanadan yapılmış çorbamsı bir yemek kondu.",D) Her iki ailede de evlenmeler ve doğumlar aşağı yukarı aynı zamana raslamıştı.,A,kolay,A şıkkı doğrudur çünkü yazım yanlışı yoktur.
71b185bd-2f11-4c48-893f-9ca16b8c8169,2,Matematik,Genel Dersler,Denklemler,,sgs_2018_1_lisans_a_grubu_almanca.pdf,"Denklemi nx + 2y - 4 = 0 olan doğru (-2,1) noktasından geçtiğine göre, n kaçtır?",A) -3,B) -1,C) 0,D) 1,B,orta,B şıkkı doğrudur çünkü denklemi sağlayan n değeri -1'dir.
be2df2bc-81b2-4529-8843-213a59d29237,3,Tarih - Genel Kültür,Genel Dersler,Osmanlı,,sgs_2018_1_lisans_a_grubu_almanca.pdf,Aşağıdaki padişah-yenilik eşleştirmelerinden hangisi yanlıştır?,A) II. Abdülhamit: Kanun-i Esasi’nin yürürlüğe girmesi,B) Abdülaziz: Sened-i İttifak’ın imzalanması,C) II. Mahmut: Harbiye’nin açılması,D) Abdülmecit: Tanzimat Fermanı’nın ilan edilmesi,B,orta,B şıkkı yanlıştır çünkü Sened-i İttifak Abdülmecit döneminde imzalanmıştır.
06e079d7-bc63-4c21-b37e-9aab8ed22cb1,4,Mali Tablolar Analizi,Muhasebe,Bilanço,,sgs_2018_1_lisans_a_grubu_almanca.pdf,"XYZ A.Ş.’nin genel kurul kararıyla ayrılması gereken yedek tutarını 20.000 ₺’dir. Buna göre, doğru muhasebe kaydı aşağıdakilerden hangisidir?",A) 570 GEÇMİŞ YILLAR KÂRLARI 520 HİSSE SENETLERİ İHRAÇ PRİMLERİ 20.000,B) 570 GEÇMİŞ YILLAR KÂRLARI 540 YASAL YEDEKLER 20.000,C) 570 GEÇMİŞ YILLAR KÂRLARI 331 ORTAKLARA BORÇLAR 20.000,D) 570 GEÇMİŞ YILLAR KÂRLARI 542 OLAĞANÜSTÜ YEDEKLER 20.000,B,zor,B şıkkı doğrudur çünkü yedeklerin ayrılması için doğru kayıt budur.
b6e17738-8d70-4c07-9608-5a9f3a10122d,1,Türkçe,Genel Dersler,Dil Bilgisi,,sgs_2018_2_lisans_a_grubu_almanca.pdf,Yukarıdaki cümleden kesin olarak çıkarılabilecek yargı aşağıdakilerden hangisidir?,A) Yağmur şehirde olumsuzluklara daha önce de yol açmıştır.,B) Daha önce de şehre en az bir kez yağmur yağmıştır.,C) Şehirdeki tüm evler beyaz duvarlıdır ve yağmurdan etkilenmektedir.,D) Şehre her yağmur yağdığında sadece evlerin sıvaları bozulmaz.,B,orta,B şıkkı doğrudur çünkü cümlede daha önce yağmur yağdığına dair bir bilgi vardır.
d6d33488-31e2-48f7-ba71-1bdeb0a6dc26,2,Matematik,Genel Dersler,Denklem,,sgs_2018_2_lisans_a_grubu_almanca.pdf,∑ 𝒏 𝟑𝒏 ∞ 𝒏=𝟏 serisinin toplamı kaçtır?,A) 1/3,B) 1/2,C) 2/3,D) 3/4,B,zor,B şıkkı doğrudur çünkü bu serinin toplamı 1/2'dir.
92f02dd2-2095-4191-af24-b13dad106f83,3,Tarih - Genel Kültür,Genel Dersler,Cumhuriyet,,sgs_2018_2_lisans_a_grubu_almanca.pdf,"Türkiye Cumhuriyeti’nin 1930’lu yıllarda, ekonomik politikada Devletçilik sistemine geçmesindeki neden, aşağıdakilerden hangisidir?",A) Birinci Beş Yıllık Sanayi Planı’nın ekonomiyi olumsuz yönde etkilemesi,B) Lozan Barış Antlaşması’nda Batılı devletlerin bu yönde taleplerinin bulunması,C) Takrir-i Sükûn Kanunu’nun yeni bir sistem öngörmüş olması,D) Özel sektörün ülkenin kalkınmasında yetersiz olduğunun anlaşılması,D,orta,D şıkkı doğrudur çünkü özel sektörün yetersizliği Devletçilik sistemine geçişin nedenidir.
068d7518-4c75-4914-ae75-6c05c88523c7,1,Mali Tablolar Analizi,Muhasebe,Bilanço,,sgs_2019_2_lisans_a_grubu_almanca.pdf,İşletmenin dönem kârından prim de alan bir işletme çalışanının talebi üzerine işletme kârının olduğundan yüksek gösterilmesi aşağıdaki muhasebe kavramlarından hangisi ile çelişmektedir?,A) Özün önceliği,B) Para ile ölçülme,C) Dönemsellik,D) Sosyal sorumluluk,C,orta,C şıkkı doğrudur çünkü dönem kârı ile ilgili muhasebe kavramları arasında çelişki yaratmaktadır.
15ab04c6-74bf-4a94-93c7-34555fa17a5d,2,İktisat,Finans,Talep,,sgs_2019_2_lisans_a_grubu_almanca.pdf,"A kişisinin talep eğrisi Q = 10-2P şeklinde verilmiştir. Buna göre, bu kişi için P* seviyesindeki talep esnekliği -2/3 ise, P* kaçtır?",A) 1/2,B) 2/3,C) 1,D) 3/2,C,orta,C şıkkı doğrudur çünkü talep esnekliği hesaplaması doğru yapılmıştır.
b097a5db-b38c-4171-a530-59452c225288,3,Tarih - Genel Kültür,Genel Dersler,Osmanlı,,sgs_2019_2_lisans_a_grubu_almanca.pdf,"Osmanlı Devleti'nde yenileşme hareketleriyle ilgili aşağıdaki dönemlerden hangisi, diğerlerinden daha önce yaşanmıştır?",A) Tanzimat Dönemi,B) Lale Devri,C) Nizam-ı Cedit Devri,D) II. Meşrutiyet Dönemi,B,orta,"B şıkkı doğrudur çünkü Lale Devri, diğer dönemlerden önce yaşanmıştır."
3b97a85a-a295-4e34-9d0c-e3c60b1ce303,1,Türkçe,Genel Dersler,Dil Bilgisi,,sgs_2020_1_lisans_a_grubu_almanca.pdf,"Arapçadan dilimize giren ve özgün biçimlerinde sonunda ikiz ünsüz bulunan sözcükler, Türkçede tek ünsüzle kullanılır. Bu sözcüklerden hangisi bu özellikte değildir?",A) Şer,B) His,C) Hâl,D) Haz,B,kolay,B şıkkı doğrudur çünkü 'His' kelimesi ikiz ünsüz içermemektedir.
dc5484a3-2c1a-4921-ab07-d728a93e77eb,2,Matematik,Genel Dersler,Denklem,,sgs_2020_1_lisans_a_grubu_almanca.pdf,"A + B = C, C - D = 20, D + E = B toplama işlemleri veriliyor. Bu işlemlere göre; A + E aşağıdakilerden hangisidir?",A) 15,B) 20,C) 25,D) 30,C,orta,C şıkkı doğrudur çünkü verilen denklemlerden A + E = 25 bulunur.
fb066b49-602d-47b3-b917-2532f783fa71,3,Tarih - Genel Kültür,Genel Dersler,Osmanlı,,sgs_2020_1_lisans_a_grubu_almanca.pdf,"Mondros Mütarekesi sonrasında önce İngiltere, daha sonra da Fransa tarafından işgal edilen yer aşağıdakilerden hangisidir?",A) Antep,B) Musul,C) Kars,D) Trabzon,B,orta,"B şıkkı doğrudur çünkü Musul, Mondros Mütarekesi sonrasında işgal edilmiştir."
c7516e1f-15b9-4b9d-89af-b44876e48a72,4,Mali Tablolar Analizi,Muhasebe,Bilanço,,sgs_2020_1_lisans_a_grubu_almanca.pdf,Aşağıdakilerden hangisi aktifi düzenleyici hesaplara bir örnektir?,A) Ödenmemiş Sermaye,B) Gelecek Yıllara Ait Giderler,C) Gider Tahakkukları,D) Dönem Net Zararı,A,zor,"A şıkkı doğrudur çünkü Ödenmemiş Sermaye, aktifi düzenleyici hesaplar arasında yer alır."
5ad8f246-005c-4715-b3b8-ac7ee39941e0,5,Muhasebe Standartları,Muhasebe,TMS,,sgs_2020_1_lisans_a_grubu_almanca.pdf,"TMS 16 Maddi Duran Varlıklar standardına göre, ilk muhasebeleştirme sonrası maliyet modelini benimseyen bir işletme, maddi duran varlıklarını finansal tablolarda hangi değer üzerinden göstermelidir?",A) Gerçeğe uygun değer (-) Birikmiş amortisman,B) Satın alma bedeli (-) Birikmiş amortisman,C) Gerçeğe uygun değer (-) Birikmiş değer düşüklüğü zararları,D) Maliyet bedeli (-) Birikmiş amortisman,B,zor,B şıkkı doğrudur çünkü TMS 16'ya göre maddi duran varlıklar satın alma bedeli üzerinden gösterilir.
d76d1434-8213-43d7-a37c-dc81fb40254a,1,Türkçe,Genel Dersler,Anlam Bilgisi,,sgs_2020_3_lisans_a_grubu_almanca.pdf,Yukarıdaki paragrafta aşağıdakilerden hangisi yoktur?,A) Ünsüz düşmesi,B) Ünsüz benzeşmesi,C) Ünlü düşmesi,D) Kaynaştırma ünsüzü,C,orta,C şıkkı doğrudur çünkü paragrafta ünlü düşmesi ile ilgili bir örnek yoktur.
e5aed3ff-209e-4663-b8b7-0b909b01076f,2,Matematik,Genel Dersler,Denklemler,,sgs_2020_3_lisans_a_grubu_almanca.pdf,2x+y = 8 ve 3x = 9y ise x sayısı kaçtır?,A) -2,B) -1,C) 0,D) 1,D,zor,D şıkkı doğrudur çünkü denklemler çözülünce x=1 bulunur.
daa337a4-fa9b-4b96-af3d-e6008cf635df,3,Mali Tablolar Analizi,Muhasebe,Bilanço,,sgs_2020_3_lisans_a_grubu_almanca.pdf,Aşağıdakilerden hangisi bilanço kalemlerinden biri değildir?,A) Aktif,B) Pasif,C) Gelir Tablosu,D) Stok,C,orta,C şıkkı doğrudur çünkü gelir tablosu bilanço kalemi değildir.
3d8951ab-cbee-4e51-8ce0-0c33336e4ff8,4,Tarih - Genel Kültür,Genel Dersler,Cumhuriyet Tarihi,,sgs_2020_3_lisans_a_grubu_almanca.pdf,Aşağıdakilerden hangisi Cumhuriyet döneminde kurulan partilerden biridir?,A) Demokrat Parti,B) Adalet Partisi,C) Milliyetçi Hareket Partisi,D) Cumhuriyet Halk Partisi,A,kolay,"A şıkkı doğrudur çünkü Demokrat Parti, Cumhuriyet döneminde kurulmuştur."
5b2dcf3d-0439-4453-8908-ab0fd55bfa15,5,İngilizce,Genel Dersler,Grammar,,sgs_2020_3_lisans_a_grubu_almanca.pdf,Which of the following is correct?,A) He go to school,B) He goes to school,C) He going to school,D) He gone to school,B,orta,B şıkkı doğrudur çünkü doğru cümle yapısıdır.
8bc98e00-335e-41ce-9b0c-341c78427d39,1,Türkçe,Genel Dersler,Yazım,,sgs_2021_2_lisans_a_grubu_almanca.pdf,Aşağıdaki cümlelerin hangisinde terim kullanımı vardır?,"A) Yazdıklarımda, toplumsal sorunları hep başka bir açıdan ele almaya çalıştım.",B) Karşı apartmandan yükselen gürültüler hepimizin kulağını tırmalıyordu.,"C) Bu yeni fikirleri iyice tanıtmalı, en kısa sürede dünyaya yaymalıyız.","D) Annem, ekşi yoğurdu ayran yaparak değerlendirebileceğimizi söylerdi.",E,kolay,E şıkkı doğrudur çünkü terim kullanımı vardır.
f6aaf1b8-7cba-4362-bd44-513854c514a0,2,Matematik,Genel Dersler,Denklem,,sgs_2021_2_lisans_a_grubu_almanca.pdf,𝒙 ≠ 𝟎 reel sayı olmak üzere; 𝟏 + 𝟏/𝒙 = 𝟐𝒙 denklemini sağlayan 𝒙 sayılarının toplamı aşağıdakilerden hangisidir?,A) -2,B) -1/2,C) 1/2,D) 1,C,orta,C şıkkı doğrudur çünkü denklemi sağlayan x değerleri 1/2'dir.
a8b6fd92-f983-43c9-9231-be7ca837de5d,3,Tarih - Genel Kültür,Genel Dersler,Osmanlı,,sgs_2021_2_lisans_a_grubu_almanca.pdf,"Osmanlı Padişahı II. Mahmut ile ayanlar arasında 1808 yılında imzalanan belge, aşağıdakilerden hangisidir?",A) Tanzimat Fermanı,B) Sened-i İttifak,C) Islahat Fermanı,D) Teşkilat-ı Esasiye Kanunu,B,orta,B şıkkı doğrudur çünkü Sened-i İttifak bu tarihte imzalanmıştır.
9571596a-c698-4f5f-ae51-c2a7a00cb6b4,4,Mali Tablolar Analizi,Muhasebe,Bilanço,,sgs_2021_2_lisans_a_grubu_almanca.pdf,"Bir işletmenin dönem sonunda varlıkları, borçlarından 6.000 ₺ fazladır. İşletmenin dönem sonunda varlıkları 15.000 ₺, borçları ise 10.000 ₺ olduğuna göre işletmenin kâr veya zararı kaç ₺’dir?",A) 500 ₺ kâr,B) 1.000 ₺ zarar,C) 1.500 ₺ zarar,D) 2.000 ₺ zarar,A,zor,A şıkkı doğrudur çünkü varlıklar ve borçlar arasındaki fark kârı gösterir.
90c05325-a243-4669-93ce-118e34b86220,5,Muhasebe Standartları,Muhasebe,TMS,,sgs_2021_2_lisans_a_grubu_almanca.pdf,"TMS 1 Finansal Tabloların Sunuluşu standardına göre, aşağıdakilerden hangisi yeniden sınıflandırma düzeltmesi gerektiren bir işlemdir?",A) Maddi olmayan duran varlığın yeniden değerleme artış işlemi,B) Maddi duran varlığın yeniden değerleme artış değişimi,C) Yurtdışındaki bir işletmenin elden çıkarılması,D) Tanımlanmış fayda planlarının yeniden ölçülmesi,B,orta,B şıkkı doğrudur çünkü maddi duran varlıkların yeniden değerlemesi gerektirir.
e66670e4-b210-45df-93b4-4f2705f773ec,1,Türkçe,Genel Dersler,Anlatım Bozukluğu,,sgs_2022_3_lisans_a_grubu_almanca KOPYALANMIYOR.pdf,Aşağıdaki cümlelerin hangisinde anlatım bozukluğu vardır?,A) ...,B) ...,C) ...,D) ...,C,orta,
d2984461-9c4e-4ddd-a42b-3b1d302be3a0,2,Türkçe,Genel Dersler,Yazım Yanlışı,,sgs_2022_3_lisans_a_grubu_almanca KOPYALANMIYOR.pdf,Aşağıdakilerin hangisinde yazım yanlışı yoktur?,A) ...,B) ...,C) ...,D) ...,D,kolay,
9151fc7c-1cd4-4a22-9621-1a849a20c5d6,3,Matematik,Genel Dersler,Geometri,,sgs_2022_3_lisans_a_grubu_almanca KOPYALANMIYOR.pdf,Alanı 16 cm2 olan bir ikizkenar dik üçgenin çevresi kaç cm’dir?,A) 8√2 + 8,B) 8√2 + 4,C) 8√2,D) 4√2 + 4,A,zor,
014e8406-354f-401b-aad9-4e487d7fe9ff,4,Tarih - Genel Kültür,Genel Dersler,Cumhuriyet,,sgs_2022_3_lisans_a_grubu_almanca KOPYALANMIYOR.pdf,"Aşağıdakilerden hangisi, 23 Nisan 1920'de açılan Birinci TBMM'nin özellikleri arasında yer almaz?",A) ...,B) ...,C) ...,D) ...,E,orta,
575da450-d2a8-461c-8f44-592dc28230b4,5,İngilizce,Genel Dersler,Grammar,,sgs_2022_3_lisans_a_grubu_almanca KOPYALANMIYOR.pdf,Which of the following sentences is grammatically correct?,A) ...,B) ...,C) ...,D) ...,B,kolay,
69b06e75-209c-4ada-80ba-fa8fc7a19080,1,Türkçe,Genel Dersler,Anlatım Bozukluğu,,sgs_2023_2_lisans_a_grubu_almanca.pdf,Aşağıdaki cümlelerden hangisinde anlatım bozukluğu vardır?,A) Cümle A,B) Cümle B,C) Cümle C,D) Cümle D,C,orta,
348ef1e5-cd66-48c2-84fc-6fcc9263643c,2,Matematik,Genel Dersler,Denklem,,sgs_2023_2_lisans_a_grubu_almanca.pdf,x + 5 = 10 denkleminin çözümü nedir?,A) 5,B) 10,C) 15,D) 20,A,orta,
02097e7c-e2ab-4fd5-8e44-b6bad9d55f7a,3,Tarih - Genel Kültür,Genel Dersler,Cumhuriyet,,sgs_2023_2_lisans_a_grubu_almanca.pdf,Cumhuriyetin ilanı hangi yılda olmuştur?,A) 1920,B) 1923,C) 1925,D) 1930,B,orta,
a48d3a26-8696-43f7-9fe3-48cf1b75674f,4,İngilizce,Genel Dersler,Grammar,,sgs_2023_2_lisans_a_grubu_almanca.pdf,Which sentence is correct?,A) She go to school.,B) She goes to school.,C) She gone to school.,D) She going to school.,B,orta,
ee45d8d8-3541-4740-bba5-b37ec9eb43bd,5,Mali Tablolar Analizi,Muhasebe,Bilanço,,sgs_2023_2_lisans_a_grubu_almanca.pdf,Bilanço nedir?,A) Gelir tablosu,B) Varlık ve borçların listesi,C) Nakit akış tablosu,D) Karşılaştırmalı tablo,B,orta,
